{"_runtime":5213.643977367,"_step":1641,"train/grad_norm":19.055871963500977,"train_loss":1.5268995657199766,"eval/steps_per_second":11.182,"eval/samples_per_second":44.729,"train/loss":1.1774,"train_runtime":5164.4261,"train_samples_per_second":20.335,"eval/runtime":22.3567,"total_flos":5.660340436670349e+19,"eval/loss":1.192333698272705,"class_distribution":{"artifact_path":"wandb-client-artifact://v8uwce6rykusad8z5iph31x88e3s4takjj1jlb9klxww748y51tvk648p1u76n36tmdh9qrv7vlw7hfeubqm3uzilnuq9r0i6p6np02xddddqyt2hjuh866hhfvwqgy5/class_distribution.table.json","_latest_artifact_path":"wandb-client-artifact://boosdy0s9n4tdiyq07rovjdtg07ljuk6yvxqpdzvvppju98hqdk0b13e7bd0k30pa8xankuhjv9vc3xzl2k7h06opuwfrocpukmyq4cwbtu2a1dicx8c40prpobr1pdq:latest/class_distribution.table.json","path":"media/table/class_distribution_0_ba73bd023ce5e2832db6.table.json","ncols":2,"nrows":8,"_type":"table-file","sha256":"ba73bd023ce5e2832db6058c0c6c04fc523f822f8682fa2db4048fa32fa63e24","size":182},"_timestamp":1.7450568794701943e+09,"train/learning_rate":2.3106546854942235e-07,"train/global_step":1640,"_wandb":{"runtime":5213},"train/epoch":20,"train_steps_per_second":0.318}