{"train/epoch":19.81717933836332,"eval/runtime":26.686,"eval/samples_per_second":37.473,"_step":2140,"train/train_samples_per_second":20.948,"train_loss":1.3862899143005085,"train/learning_rate":3.541564190850959e-07,"train_steps_per_second":0.325,"eval/loss":1.375589370727539,"train_runtime":6580.1834,"train/train_steps_per_second":0.325,"_wandb":{"runtime":6622},"eval/steps_per_second":9.368,"train/grad_norm":22.062782287597656,"train/global_step":2140,"train/loss":1.2061,"_timestamp":1.7453133609421427e+09,"train/train_loss":1.3862899143005085,"train/total_flos":7.365561136055989e+19,"train/train_runtime":6580.1834,"train_samples_per_second":20.948,"_runtime":6622.629614233,"total_flos":7.365561136055989e+19}