{"train/loss":1.1236,"class_distribution":{"_latest_artifact_path":"wandb-client-artifact://40hv2anspffdbeso2kwutfqc3z1nsk8nn3mxylhuxx22npiz6677kka39cyl1joxyzq2yg1af56e6v0ch1lio9ewwat3q47i530uwqmh0kpnafzb3kerl51i73qjo5ie:latest/class_distribution.table.json","path":"media/table/class_distribution_0_ba73bd023ce5e2832db6.table.json","ncols":2,"nrows":8,"_type":"table-file","sha256":"ba73bd023ce5e2832db6058c0c6c04fc523f822f8682fa2db4048fa32fa63e24","size":182,"artifact_path":"wandb-client-artifact://zf0u7e851bw8xl82xo171qp6il9t0fbfwgbxn79bqu5mbdlrzokyz7jy6jmb6ga7cgl00skn36irir68wb77oko0azs078megfpnr0vtv02nwwyzfthech45lwzasywt/class_distribution.table.json"},"eval/runtime":21.0005,"_timestamp":1.7450673775019932e+09,"train/train_runtime":6736.1482,"train/total_flos":7.365561136055989e+19,"total_flos":7.365561136055989e+19,"train_steps_per_second":0.318,"train/global_step":2140,"eval/steps_per_second":11.904,"eval/loss":1.213748574256897,"train/train_steps_per_second":0.318,"train/grad_norm":32.692909240722656,"train_runtime":6736.1482,"train_samples_per_second":20.463,"eval/samples_per_second":47.618,"train/train_loss":1.4578258316093515,"train/epoch":19.81717933836332,"train/learning_rate":4.574520413182489e-07,"train/train_samples_per_second":20.463,"_wandb":{"runtime":6910},"_runtime":6910.61005249,"_step":2140,"train_loss":1.4578258316093515}